{"text": " Once upon a time there lived a wise man by the name of Mamet. He never liked. All the people in the land, even the ones who lived 20 days away, knew about him. The king feared about Mamet and ordered his subject to go into the palace.", "segments": [{"id": 0, "seek": 0, "start": 0.0, "end": 7.0, "text": " Once upon a time there lived a wise man by the name of Mamet.", "tokens": [50364, 3443, 3564, 257, 565, 456, 5152, 257, 10829, 587, 538, 264, 1315, 295, 19899, 302, 13, 50714], "temperature": 0.0, "avg_logprob": -0.27270120474008414, "compression_ratio": 1.4355828220858895, "no_speech_prob": 0.020872047170996666}, {"id": 1, "seek": 0, "start": 7.0, "end": 9.0, "text": " He never liked.", "tokens": [50714, 634, 1128, 4501, 13, 50814], "temperature": 0.0, "avg_logprob": -0.27270120474008414, "compression_ratio": 1.4355828220858895, "no_speech_prob": 0.020872047170996666}, {"id": 2, "seek": 0, "start": 9.0, "end": 16.0, "text": " All the people in the land, even the ones who lived 20 days away, knew about him.", "tokens": [50814, 1057, 264, 561, 294, 264, 2117, 11, 754, 264, 2306, 567, 5152, 945, 1708, 1314, 11, 2586, 466, 796, 13, 51164], "temperature": 0.0, "avg_logprob": -0.27270120474008414, "compression_ratio": 1.4355828220858895, "no_speech_prob": 0.020872047170996666}, {"id": 3, "seek": 0, "start": 16.0, "end": 22.0, "text": " The king feared about Mamet and ordered his subject to go into the palace.", "tokens": [51164, 440, 4867, 30629, 466, 19899, 302, 293, 8866, 702, 3983, 281, 352, 666, 264, 15207, 13, 51464], "temperature": 0.0, "avg_logprob": -0.27270120474008414, "compression_ratio": 1.4355828220858895, "no_speech_prob": 0.020872047170996666}], "language": "en"}